observation_date,IPG2211N
1972-01-01,35.6791
1972-02-01,35.8385
1972-03-01,34.7764
1972-04-01,33.5655
1972-05-01,33.2373
1972-06-01,36.1847
1972-07-01,38.8220
1972-08-01,41.0760
1972-09-01,39.8364
1972-10-01,36.8107
1972-11-01,36.7229
1972-12-01,38.1207
1973-01-01,40.4132
1973-02-01,39.5091
1973-03-01,37.6314
1973-04-01,36.0044
1973-05-01,36.2314
1973-06-01,40.5563
1973-07-01,43.9945
1973-08-01,45.5493
1973-09-01,44.0928
1973-10-01,40.3101
1973-11-01,39.1679
1973-12-01,38.5894
1974-01-01,39.7685
1974-02-01,39.3705
1974-03-01,37.9915
1974-04-01,36.5929
1974-05-01,37.2604
1974-06-01,40.0538
1974-07-01,44.6003
1974-08-01,45.8086
1974-09-01,42.9469
1974-10-01,40.0542
1974-11-01,39.4844
1974-12-01,41.7166
1975-01-01,43.0558
1975-02-01,42.2352
1975-03-01,40.5906
1975-04-01,39.0323
1975-05-01,38.7578
1975-06-01,42.1385
1975-07-01,45.9911
1975-08-01,47.8014
1975-09-01,44.8003
1975-10-01,40.8520
1975-11-01,40.5100
1975-12-01,43.7866
1976-01-01,47.3002
1976-02-01,44.4846
1976-03-01,42.5061
1976-04-01,40.6831
1976-05-01,40.3880
1976-06-01,44.6934
1976-07-01,48.5690
1976-08-01,49.7804
1976-09-01,47.2100
1976-10-01,43.7089
1976-11-01,45.0561
1976-12-01,48.9422
1977-01-01,52.4836
1977-02-01,49.5414
1977-03-01,45.7982
1977-04-01,43.3090
1977-05-01,44.1769
1977-06-01,48.5487
1977-07-01,53.3901
1977-08-01,53.6767
1977-09-01,50.5820
1977-10-01,45.9928
1977-11-01,44.9569
1977-12-01,48.6029
1978-01-01,52.9264
1978-02-01,51.2067
1978-03-01,47.4363
1978-04-01,43.4362
1978-05-01,44.4932
1978-06-01,49.9186
1978-07-01,53.9145
1978-08-01,55.4635
1978-09-01,53.1406
1978-10-01,48.3286
1978-11-01,47.8649
1978-12-01,50.8823
1979-01-01,56.1223
1979-02-01,55.2260
1979-03-01,50.0314
1979-04-01,46.4870
1979-05-01,45.7127
1979-06-01,49.3536
1979-07-01,53.3882
1979-08-01,55.7686
1979-09-01,52.1449
1979-10-01,48.4958
1979-11-01,48.0132
1979-12-01,50.2526
1980-01-01,53.1496
1980-02-01,53.1093
1980-03-01,50.6542
1980-04-01,46.5344
1980-05-01,45.2077
1980-06-01,49.6154
1980-07-01,56.6723
1980-08-01,59.0520
1980-09-01,55.7351
1980-10-01,49.9144
1980-11-01,48.8218
1980-12-01,52.3868
1981-01-01,56.9320
1981-02-01,54.1792
1981-03-01,50.7721
1981-04-01,48.1002
1981-05-01,47.5232
1981-06-01,54.0844
1981-07-01,59.1113
1981-08-01,59.1860
1981-09-01,54.5161
1981-10-01,49.9981
1981-11-01,49.3247
1981-12-01,53.0117
1982-01-01,57.3320
1982-02-01,53.8740
1982-03-01,50.8117
1982-04-01,48.1593
1982-05-01,46.9685
1982-06-01,51.4250
1982-07-01,55.9471
1982-08-01,56.5868
1982-09-01,52.8478
1982-10-01,48.2494
1982-11-01,48.1799
1982-12-01,50.4977
1983-01-01,53.3842
1983-02-01,51.5763
1983-03-01,49.4194
1983-04-01,47.7833
1983-05-01,46.4401
1983-06-01,51.6793
1983-07-01,58.7543
1983-08-01,62.5212
1983-09-01,58.3295
1983-10-01,51.6510
1983-11-01,51.1061
1983-12-01,56.0187
1984-01-01,60.4039
1984-02-01,56.6649
1984-03-01,54.8347
1984-04-01,51.0240
1984-05-01,51.6562
1984-06-01,57.0717
1984-07-01,60.7401
1984-08-01,62.7343
1984-09-01,58.2151
1984-10-01,53.1853
1984-11-01,53.3583
1984-12-01,56.1749
1985-01-01,62.9093
1985-02-01,60.8015
1985-03-01,55.3932
1985-04-01,52.9428
1985-05-01,53.6942
1985-06-01,58.1186
1985-07-01,63.2134
1985-08-01,64.0240
1985-09-01,61.4109
1985-10-01,55.3040
1985-11-01,55.0105
1985-12-01,60.9165
1986-01-01,63.4089
1986-02-01,59.8722
1986-03-01,55.6128
1986-04-01,53.5359
1986-05-01,54.3603
1986-06-01,60.4360
1986-07-01,67.3398
1986-08-01,66.1514
1986-09-01,62.3781
1986-10-01,57.3567
1986-11-01,56.5808
1986-12-01,61.6374
1987-01-01,64.6090
1987-02-01,61.8885
1987-03-01,58.8619
1987-04-01,56.1202
1987-05-01,57.7873
1987-06-01,64.6451
1987-07-01,70.4301
1987-08-01,71.7112
1987-09-01,65.2868
1987-10-01,59.2273
1987-11-01,59.1869
1987-12-01,63.9166
1988-01-01,69.8254
1988-02-01,67.3659
1988-03-01,63.3534
1988-04-01,59.4692
1988-05-01,59.6906
1988-06-01,67.6920
1988-07-01,74.5019
1988-08-01,77.4502
1988-09-01,68.7750
1988-10-01,62.3236
1988-11-01,61.6295
1988-12-01,67.1785
1989-01-01,69.4693
1989-02-01,68.1441
1989-03-01,65.8261
1989-04-01,60.9041
1989-05-01,62.2180
1989-06-01,69.3469
1989-07-01,75.7984
1989-08-01,76.9988
1989-09-01,70.4876
1989-10-01,64.8125
1989-11-01,65.0729
1989-12-01,74.4682
1990-01-01,74.7286
1990-02-01,69.8534
1990-03-01,66.7296
1990-04-01,62.9908
1990-05-01,64.5330
1990-06-01,72.5897
1990-07-01,78.8957
1990-08-01,79.4819
1990-09-01,74.9293
1990-10-01,67.0022
1990-11-01,65.4438
1990-12-01,70.7050
1991-01-01,75.8654
1991-02-01,70.2518
1991-03-01,67.1642
1991-04-01,63.8979
1991-05-01,68.3537
1991-06-01,76.4974
1991-07-01,82.1921
1991-08-01,81.3444
1991-09-01,75.0553
1991-10-01,67.9016
1991-11-01,68.0310
1991-12-01,71.9087
1992-01-01,75.7226
1992-02-01,71.9918
1992-03-01,67.7186
1992-04-01,65.1606
1992-05-01,66.0281
1992-06-01,72.4842
1992-07-01,79.7290
1992-08-01,78.9092
1992-09-01,74.0894
1992-10-01,68.2920
1992-11-01,69.1074
1992-12-01,75.4627
1993-01-01,77.0412
1993-02-01,74.4965
1993-03-01,70.6059
1993-04-01,66.2909
1993-05-01,67.4843
1993-06-01,76.1176
1993-07-01,85.1574
1993-08-01,85.2527
1993-09-01,76.8722
1993-10-01,68.7247
1993-11-01,69.7989
1993-12-01,75.6356
1994-01-01,81.3610
1994-02-01,76.0120
1994-03-01,71.4384
1994-04-01,67.4630
1994-05-01,68.9352
1994-06-01,80.0563
1994-07-01,86.3942
1994-08-01,84.8534
1994-09-01,77.9467
1994-10-01,70.9759
1994-11-01,71.6080
1994-12-01,76.7213
1995-01-01,80.9521
1995-02-01,76.8787
1995-03-01,73.1336
1995-04-01,69.2525
1995-05-01,72.4169
1995-06-01,80.8424
1995-07-01,89.7012
1995-08-01,93.8796
1995-09-01,81.5732
1995-10-01,74.1797
1995-11-01,74.3944
1995-12-01,80.5983
1996-01-01,85.9721
1996-02-01,81.7379
1996-03-01,77.7773
1996-04-01,72.2692
1996-05-01,76.2187
1996-06-01,84.4720
1996-07-01,89.6450
1996-08-01,90.3159
1996-09-01,81.9182
1996-10-01,74.5067
1996-11-01,75.7259
1996-12-01,80.7672
1997-01-01,85.9359
1997-02-01,79.5371
1997-03-01,75.0928
1997-04-01,71.6622
1997-05-01,72.5038
1997-06-01,81.8394
1997-07-01,92.0170
1997-08-01,91.5313
1997-09-01,84.9942
1997-10-01,77.7662
1997-11-01,76.9464
1997-12-01,82.7045
1998-01-01,84.0659
1998-02-01,79.3526
1998-03-01,78.7906
1998-04-01,73.3534
1998-05-01,78.7261
1998-06-01,89.4932
1998-07-01,97.6867
1998-08-01,97.4923
1998-09-01,91.0407
1998-10-01,81.1851
1998-11-01,78.3846
1998-12-01,84.6128
1999-01-01,89.7825
1999-02-01,82.5743
1999-03-01,82.2996
1999-04-01,76.7698
1999-05-01,79.9437
1999-06-01,91.2150
1999-07-01,102.3779
1999-08-01,101.1673
1999-09-01,90.8788
1999-10-01,81.2415
1999-11-01,80.0501
1999-12-01,87.2447
2000-01-01,91.4729
2000-02-01,85.3202
2000-03-01,82.2650
2000-04-01,78.4730
2000-05-01,85.2375
2000-06-01,94.1919
2000-07-01,100.1151
2000-08-01,103.4846
2000-09-01,94.0322
2000-10-01,83.7870
2000-11-01,83.9806
2000-12-01,93.0180
2001-01-01,96.6887
2001-02-01,87.7384
2001-03-01,84.8169
2001-04-01,79.9678
2001-05-01,83.5349
2001-06-01,93.9388
2001-07-01,100.3179
2001-08-01,104.0628
2001-09-01,91.6511
2001-10-01,83.1825
2001-11-01,80.8604
2001-12-01,86.3551
2002-01-01,92.6839
2002-02-01,86.4770
2002-03-01,85.2858
2002-04-01,82.5412
2002-05-01,85.6975
2002-06-01,96.4906
2002-07-01,106.9787
2002-08-01,106.3593
2002-09-01,97.4093
2002-10-01,87.6531
2002-11-01,84.6732
2002-12-01,92.0120
2003-01-01,98.4053
2003-02-01,93.0428
2003-03-01,87.2073
2003-04-01,82.5361
2003-05-01,86.6377
2003-06-01,94.7494
2003-07-01,107.1418
2003-08-01,109.6473
2003-09-01,97.0980
2003-10-01,87.5711
2003-11-01,85.8806
2003-12-01,95.0690
2004-01-01,100.6576
2004-02-01,94.6752
2004-03-01,88.8604
2004-04-01,84.5429
2004-05-01,91.0816
2004-06-01,100.5205
2004-07-01,107.7705
2004-08-01,106.0515
2004-09-01,99.2201
2004-10-01,89.5732
2004-11-01,87.3117
2004-12-01,97.4418
2005-01-01,99.6980
2005-02-01,92.6720
2005-03-01,91.2593
2005-04-01,84.3982
2005-05-01,88.5425
2005-06-01,104.5107
2005-07-01,114.7689
2005-08-01,116.2498
2005-09-01,105.3608
2005-10-01,93.0994
2005-11-01,89.3792
2005-12-01,100.1969
2006-01-01,97.5628
2006-02-01,94.2009
2006-03-01,92.2909
2006-04-01,86.4114
2006-05-01,92.5986
2006-06-01,105.5903
2006-07-01,117.2933
2006-08-01,118.0612
2006-09-01,100.8296
2006-10-01,91.8355
2006-11-01,90.4996
2006-12-01,97.6586
2007-01-01,102.8711
2007-02-01,100.9912
2007-03-01,93.2530
2007-04-01,88.5898
2007-05-01,94.3491
2007-06-01,105.8845
2007-07-01,113.4521
2007-08-01,120.1062
2007-09-01,106.8995
2007-10-01,96.0929
2007-11-01,92.5622
2007-12-01,100.0370
2008-01-01,105.2801
2008-02-01,99.6244
2008-03-01,94.2509
2008-04-01,89.4405
2008-05-01,93.0969
2008-06-01,108.6912
2008-07-01,116.3933
2008-08-01,112.9534
2008-09-01,102.5060
2008-10-01,92.4729
2008-11-01,91.1480
2008-12-01,100.9709
2009-01-01,104.8787
2009-02-01,95.6559
2009-03-01,91.5456
2009-04-01,86.1159
2009-05-01,89.8994
2009-06-01,102.1971
2009-07-01,109.7022
2009-08-01,111.6609
2009-09-01,99.6506
2009-10-01,90.1843
2009-11-01,87.4579
2009-12-01,101.7585
2010-01-01,107.0166
2010-02-01,101.1259
2010-03-01,92.4681
2010-04-01,85.3856
2010-05-01,93.0063
2010-06-01,109.4575
2010-07-01,119.1656
2010-08-01,119.2280
2010-09-01,105.2451
2010-10-01,90.9133
2010-11-01,89.8938
2010-12-01,104.9158
2011-01-01,108.0271
2011-02-01,99.1943
2011-03-01,93.5782
2011-04-01,88.3543
2011-05-01,92.0357
2011-06-01,107.6548
2011-07-01,120.7043
2011-08-01,119.3013
2011-09-01,103.8157
2011-10-01,91.0736
2011-11-01,90.0318
2011-12-01,98.5557
2012-01-01,100.8572
2012-02-01,94.7627
2012-03-01,90.2990
2012-04-01,86.8094
2012-05-01,95.7343
2012-06-01,106.1932
2012-07-01,119.8171
2012-08-01,116.3192
2012-09-01,101.5759
2012-10-01,91.0619
2012-11-01,89.6923
2012-12-01,97.0764
2013-01-01,103.5174
2013-02-01,97.0063
2013-03-01,94.7513
2013-04-01,88.5636
2013-05-01,92.5280
2013-06-01,104.8708
2013-07-01,115.4881
2013-08-01,113.4122
2013-09-01,103.5199
2013-10-01,92.7804
2013-11-01,92.3367
2013-12-01,103.2934
2014-01-01,110.9384
2014-02-01,102.6482
2014-03-01,96.6069
2014-04-01,88.0051
2014-05-01,93.3670
2014-06-01,105.6833
2014-07-01,113.2833
2014-08-01,112.9842
2014-09-01,104.0814
2014-10-01,92.9183
2014-11-01,93.3516
2014-12-01,100.3606
2015-01-01,107.2610
2015-02-01,104.1506
2015-03-01,96.7904
2015-04-01,87.8344
2015-05-01,92.7658
2015-06-01,107.3076
2015-07-01,117.3750
2015-08-01,116.1608
2015-09-01,106.4115
2015-10-01,92.2051
2015-11-01,88.7478
2015-12-01,95.5010
2016-01-01,104.3090
2016-02-01,97.1779
2016-03-01,90.0324
2016-04-01,86.7022
2016-05-01,91.4882
2016-06-01,108.6931
2016-07-01,120.7691
2016-08-01,122.2366
2016-09-01,107.5863
2016-10-01,92.6989
2016-11-01,89.1891
2016-12-01,101.0564
2017-01-01,102.8043
2017-02-01,91.6847
2017-03-01,92.7521
2017-04-01,86.7940
2017-05-01,92.9513
2017-06-01,106.8303
2017-07-01,119.1935
2017-08-01,115.3330
2017-09-01,103.0820
2017-10-01,94.2921
2017-11-01,91.9708
2017-12-01,102.3119
2018-01-01,111.4361
2018-02-01,97.3235
2018-03-01,94.3631
2018-04-01,88.9409
2018-05-01,97.5072
2018-06-01,110.5205
2018-07-01,121.5556
2018-08-01,121.6826
2018-09-01,108.3521
2018-10-01,96.4033
2018-11-01,95.1906
2018-12-01,101.1705
2019-01-01,106.5662
2019-02-01,99.3955
2019-03-01,96.0543
2019-04-01,87.5324
2019-05-01,95.3882
2019-06-01,105.3364
2019-07-01,121.2893
2019-08-01,119.6346
2019-09-01,109.4181
2019-10-01,95.7462
2019-11-01,93.5390
2019-12-01,100.3948
2020-01-01,101.8953
2020-02-01,97.2411
2020-03-01,91.4599
2020-04-01,84.2139
2020-05-01,89.2348
2020-06-01,105.4640
2020-07-01,122.7211
2020-08-01,119.3085
2020-09-01,103.5680
2020-10-01,93.2306
2020-11-01,89.7463
2020-12-01,102.0998
2021-01-01,104.4363
2021-02-01,101.9994
2021-03-01,92.7298
2021-04-01,86.5375
2021-05-01,92.4609
2021-06-01,111.0418
2021-07-01,120.5635
2021-08-01,122.5725
2021-09-01,107.0762
2021-10-01,94.4511
2021-11-01,92.8750
2021-12-01,99.0169
2022-01-01,109.8373
2022-02-01,101.8134
2022-03-01,95.0976
2022-04-01,89.0039
2022-05-01,98.1151
2022-06-01,112.7292
2022-07-01,125.2996
2022-08-01,124.0991
2022-09-01,108.3185
2022-10-01,92.8693
2022-11-01,94.6217
2022-12-01,106.0777
2023-01-01,104.4923
2023-02-01,97.1239
2023-03-01,96.5831
2023-04-01,88.8331
2023-05-01,94.7639
2023-06-01,107.1296
2023-07-01,125.5012
2023-08-01,126.1260
2023-09-01,110.8711
2023-10-01,96.5100
2023-11-01,95.2354
2023-12-01,101.7080
2024-01-01,112.2940
2024-02-01,99.1718
2024-03-01,93.9627
2024-04-01,90.4249
2024-05-01,99.9520
2024-06-01,115.9759
2024-07-01,127.7761
2024-08-01,126.1371
2024-09-01,109.6612
2024-10-01,98.3373
2024-11-01,95.4220
2024-12-01,106.4127
2025-01-01,117.9004
2025-02-01,106.3726
2025-03-01,96.2775
2025-04-01,93.0231
2025-05-01,98.8254
2025-06-01,116.0106
2025-07-01,131.2159
2025-08-01,125.3964
2025-09-01,111.6471
2025-10-01,100.5639
2025-11-01,97.8963
2025-12-01,110.6092
2026-01-01,116.6844
2026-02-01,107.5500
2026-03-01,99.1390
2026-04-01,95.2953
2026-05-01,101.2882
2026-06-01,117.4695
2026-07-01,132.5739
2026-08-01,134.0922
